taxon,common_names
Chrysochloris stuhlmanni,"[{'taxonname': ""Stuhlmann's Golden Mole"", 'primary': True, 'language': 'eng'}]"
Micropotamogale ruwenzorii,"[{'taxonname': 'Rwenzori Otter Shrew', 'primary': True, 'language': 'eng'}, {'taxonname': 'Ruwenzori Otter Shrew', 'primary': False, 'language': 'eng'}, {'taxonname': 'Le Micropotamogle du Mont Ruwenzori', 'primary': False, 'language': 'fre'}]"
Potamogale velox,"[{'taxonname': 'Giant Otter Shrew', 'primary': True, 'language': 'eng'}, {'taxonname': 'Giant Otter-shrew', 'primary': False, 'language': 'eng'}, {'taxonname': 'Le Potamogale', 'primary': False, 'language': 'fre'}]"
Elephantulus brachyrhynchus,"[{'taxonname': 'Short-snouted Sengi', 'primary': True, 'language': 'eng'}, {'taxonname': 'Short-snouted Elephant-shrew', 'primary': False, 'language': 'eng'}]"
Elephantulus rufescens,"[{'taxonname': 'Rufous Sengi', 'primary': True, 'language': 'eng'}, {'taxonname': 'Rufous Elephant-shrew', 'primary': False, 'language': 'eng'}]"
Petrodromus tetradactylus,"[{'taxonname': 'Four-toed Sengi', 'primary': True, 'language': 'eng'}, {'taxonname': 'Four-toed Elephant-shrew', 'primary': False, 'language': 'eng'}]"
Rhynchocyon chrysopygus,"[{'taxonname': 'Golden-rumped Sengi', 'primary': True, 'language': 'eng'}, {'taxonname': 'Golden-rumped Elephant-shrew', 'primary': False, 'language': 'eng'}]"
Rhynchocyon cirnei,"[{'taxonname': 'Chequered Sengi', 'primary': True, 'language': 'eng'}, {'taxonname': 'Chequered Elephant-shrew', 'primary': False, 'language': 'eng'}]"
Rhynchocyon petersi,"[{'taxonname': 'Black and Rufous Sengi', 'primary': True, 'language': 'eng'}]"
Rhynchocyon udzungwensis,"[{'taxonname': 'Grey-faced Sengi', 'primary': True, 'language': 'eng'}, {'taxonname': 'Grey-faced Elephant-shrew', 'primary': False, 'language': 'eng'}, {'taxonname': 'Gray-faced Sengi', 'primary': False, 'language': 'eng'}]"
Orycteropus afer,"[{'taxonname': 'Aardvark', 'primary': True, 'language': 'eng'}, {'taxonname': 'Antbear', 'primary': False, 'language': 'eng'}, {'taxonname': 'Oryctérope', 'primary': False, 'language': 'fre'}]"
Dendrohyrax arboreus,"[{'taxonname': 'Southern Tree Hyrax', 'primary': True, 'language': 'eng'}, {'taxonname': 'Eastern Tree Dassie', 'primary': False, 'language': 'eng'}, {'taxonname': 'Eastern Tree Hyrax', 'primary': False, 'language': 'eng'}, {'taxonname': 'Southern Tree Dassie', 'primary': False, 'language': 'eng'}, {'taxonname': ""Daman d'Arbre"", 'primary': False, 'language': 'fre'}]"
Heterohyrax brucei,"[{'taxonname': 'Yellow-spotted Rock Hyrax', 'primary': False, 'language': 'eng'}, {'taxonname': 'Hoggar Hyrax', 'primary': False, 'language': 'eng'}, {'taxonname': 'Bush Hyrax', 'primary': True, 'language': 'eng'}, {'taxonname': 'Yellow-spotted Hyrax', 'primary': False, 'language': 'eng'}, {'taxonname': 'Daman de steppe', 'primary': False, 'language': 'fre'}]"
Procavia capensis,"[{'taxonname': 'Rock Hyrax', 'primary': True, 'language': 'eng'}, {'taxonname': 'Rock Dassie', 'primary': False, 'language': 'eng'}, {'taxonname': 'Daman de rocher', 'primary': False, 'language': 'fre'}]"
Loxodonta africana,"[{'taxonname': 'African Savanna Elephant', 'primary': True, 'language': 'eng'}, {'taxonname': 'Savanna Elephant', 'primary': False, 'language': 'eng'}, {'taxonname': 'African Bush Elephant', 'primary': False, 'language': 'eng'}, {'taxonname': 'African Savannah Elephant', 'primary': False, 'language': 'eng'}, {'taxonname': 'Savannah Elephant', 'primary': False, 'language': 'eng'}, {'taxonname': 'Éléphant de savane', 'primary': False, 'language': 'fre'}, {'taxonname': 'Elefante de Sabana', 'primary': False, 'language': 'spa'}]"
Dugong dugon,"[{'taxonname': 'Dugong', 'primary': True, 'language': 'eng'}, {'taxonname': 'Sea Cow', 'primary': False, 'language': 'eng'}, {'taxonname': 'Dugong', 'primary': False, 'language': 'fre'}, {'taxonname': 'Dugon', 'primary': False, 'language': 'spa'}]"
Cercocebus sanjei,"[{'taxonname': 'Sanje Crested Mangabey', 'primary': False, 'language': 'eng'}, {'taxonname': 'Sanje River Mangabey', 'primary': True, 'language': 'eng'}, {'taxonname': 'Sanje Mangabey', 'primary': False, 'language': 'eng'}, {'taxonname': 'Mangabé de la Sanje', 'primary': False, 'language': 'fre'}, {'taxonname': 'Mangabey del Sanje', 'primary': False, 'language': 'spa'}]"
Cercopithecus albogularis,[]
Cercopithecus doggetti,[]
Cercopithecus mitis,"[{'taxonname': 'Blue Monkey', 'primary': True, 'language': 'eng'}, {'taxonname': 'Diademed Monkey', 'primary': False, 'language': 'eng'}, {'taxonname': 'Golden Monkey', 'primary': False, 'language': 'eng'}, {'taxonname': 'Samango', 'primary': False, 'language': 'eng'}, {'taxonname': ""Sykes' Monkey"", 'primary': False, 'language': 'eng'}, {'taxonname': 'Gentle Monkey', 'primary': False, 'language': 'eng'}, {'taxonname': 'Cercopithèque à diadème', 'primary': False, 'language': 'fre'}]"
Chlorocebus pygerythrus,"[{'taxonname': 'Vervet', 'primary': False, 'language': 'eng'}, {'taxonname': 'Vervet Monkey', 'primary': True, 'language': 'eng'}, {'taxonname': 'Vervet bleu', 'primary': False, 'language': 'fre'}, {'taxonname': 'Vervet Oriental', 'primary': False, 'language': 'spa'}]"
Colobus angolensis,"[{'taxonname': 'Angolan Black-and-white Colobus', 'primary': False, 'language': 'eng'}, {'taxonname': 'Angolan Colobus', 'primary': True, 'language': 'eng'}, {'taxonname': 'Angola Colobus', 'primary': False, 'language': 'eng'}, {'taxonname': 'Colobe', 'primary': False, 'language': 'fre'}, {'taxonname': ""Colobe d'Angola"", 'primary': False, 'language': 'fre'}, {'taxonname': 'Colobo de Angola', 'primary': False, 'language': 'spa'}]"
Colobus guereza,"[{'taxonname': 'Guereza', 'primary': True, 'language': 'eng'}, {'taxonname': 'Magistrate Colobus', 'primary': False, 'language': 'eng'}, {'taxonname': 'Eastern Black-and-white Colobus', 'primary': False, 'language': 'eng'}, {'taxonname': ""Colobe de l'Abyssinie"", 'primary': False, 'language': 'fre'}, {'taxonname': 'Colobe guéréza', 'primary': False, 'language': 'fre'}, {'taxonname': 'Colobe à épaules blanches', 'primary': False, 'language': 'fre'}, {'taxonname': 'Colobo Rojo Guereza', 'primary': False, 'language': 'spa'}, {'taxonname': 'Colobo Guereza', 'primary': False, 'language': 'spa'}]"
Erythrocebus patas,"[{'taxonname': 'Patas Monkey', 'primary': True, 'language': 'eng'}, {'taxonname': 'Hussar Monkey', 'primary': False, 'language': 'eng'}, {'taxonname': 'Nisnas', 'primary': False, 'language': 'eng'}, {'taxonname': 'Patas', 'primary': False, 'language': 'eng'}, {'taxonname': 'Singe rouge', 'primary': False, 'language': 'eng'}, {'taxonname': 'Mono Patas', 'primary': False, 'language': 'spa'}]"
Papio anubis,"[{'taxonname': 'Olive Baboon', 'primary': True, 'language': 'eng'}, {'taxonname': 'Anubis Baboon', 'primary': False, 'language': 'eng'}, {'taxonname': 'Babouin anubis', 'primary': False, 'language': 'fre'}, {'taxonname': 'Papión Oliva', 'primary': False, 'language': 'spa'}]"
Papio cynocephalus,"[{'taxonname': 'Yellow Baboon', 'primary': True, 'language': 'eng'}, {'taxonname': 'Babouin cynocépahle', 'primary': False, 'language': 'fre'}, {'taxonname': 'Papión Dorado', 'primary': False, 'language': 'spa'}]"
Piliocolobus gordonorum,"[{'taxonname': 'Udzungwa Red Colobus', 'primary': True, 'language': 'eng'}, {'taxonname': 'Uhehe Red Colobus', 'primary': False, 'language': 'eng'}, {'taxonname': 'Colobe des Gordon', 'primary': False, 'language': 'fre'}, {'taxonname': 'Colobo Rojo de Udzungwa', 'primary': False, 'language': 'spa'}]"
Piliocolobus kirkii,"[{'taxonname': ""Kirk's Red Colobus"", 'primary': False, 'language': 'eng'}, {'taxonname': 'Zanzibar Red Colobus', 'primary': True, 'language': 'eng'}, {'taxonname': 'Colobe de Zanzibar', 'primary': False, 'language': 'fre'}, {'taxonname': 'Colobo Rojo de Zanzibar', 'primary': False, 'language': 'spa'}]"
Piliocolobus tephrosceles,"[{'taxonname': 'Ashy Red Colobus', 'primary': True, 'language': 'eng'}, {'taxonname': 'Uganda Red Colobus', 'primary': False, 'language': 'eng'}, {'taxonname': ""Colobe d'Ouganda"", 'primary': False, 'language': 'fre'}, {'taxonname': 'Colobo Rojo de Tanzania', 'primary': False, 'language': 'spa'}]"
Rungwecebus kipunji,"[{'taxonname': 'Kipunji', 'primary': True, 'language': 'eng'}, {'taxonname': 'Kipunji', 'primary': False, 'language': 'fre'}, {'taxonname': 'Kipunji', 'primary': False, 'language': 'spa'}]"
Galago granti,[]
Galago moholi,"[{'taxonname': 'Southern Lesser Galago', 'primary': True, 'language': 'eng'}, {'taxonname': 'South African Galago', 'primary': False, 'language': 'eng'}, {'taxonname': 'South African Lesser Galago', 'primary': False, 'language': 'eng'}, {'taxonname': 'Mohol Galago', 'primary': False, 'language': 'fre'}]"
Galago orinus,[]
Galago rondoensis,[]
Galago senegalensis,"[{'taxonname': 'Northern Lesser Galago', 'primary': True, 'language': 'eng'}, {'taxonname': 'Senegal Lesser Galago', 'primary': False, 'language': 'eng'}, {'taxonname': 'Senegal Galago', 'primary': False, 'language': 'eng'}, {'taxonname': 'Lesser Galago', 'primary': False, 'language': 'eng'}, {'taxonname': 'Lesser Bushbaby', 'primary': False, 'language': 'eng'}, {'taxonname': 'Galago du Sénégal', 'primary': False, 'language': 'fre'}, {'taxonname': 'Gálago de Senegal', 'primary': False, 'language': 'spa'}]"
Galago zanzibaricus,[]
Otolemur crassicaudatus,"[{'taxonname': ""Garnett's Greater Galago"", 'primary': False, 'language': 'eng'}, {'taxonname': 'Thick-tailed Greater Galago', 'primary': True, 'language': 'eng'}, {'taxonname': 'Greater Galago', 'primary': False, 'language': 'eng'}, {'taxonname': 'Greater Bushbaby', 'primary': False, 'language': 'eng'}, {'taxonname': 'Large-eared Greater Galago', 'primary': False, 'language': 'eng'}, {'taxonname': 'Thick-tailed Bushbaby', 'primary': False, 'language': 'eng'}, {'taxonname': 'Grand Galago', 'primary': False, 'language': 'fre'}, {'taxonname': 'Galago à queue touffue', 'primary': False, 'language': 'fre'}, {'taxonname': 'Gálago de Cola Gruesa', 'primary': False, 'language': 'spa'}]"
Otolemur garnettii,"[{'taxonname': 'Small-eared Galago', 'primary': False, 'language': 'eng'}, {'taxonname': ""Garnett's Greater Galago"", 'primary': True, 'language': 'eng'}, {'taxonname': 'Small-eared Greater Galago', 'primary': False, 'language': 'eng'}, {'taxonname': 'Garnett’s Bushbaby', 'primary': False, 'language': 'eng'}, {'taxonname': 'Galago de Garnett', 'primary': False, 'language': 'fre'}]"
Otolemur monteiri,[]
Homo sapiens,[]
Pan troglodytes,"[{'taxonname': 'Chimpanzee', 'primary': True, 'language': 'eng'}, {'taxonname': 'Common Chimpanzee', 'primary': False, 'language': 'eng'}, {'taxonname': 'Robust Chimpanzee', 'primary': False, 'language': 'eng'}, {'taxonname': 'Chimpanzé', 'primary': False, 'language': 'fre'}, {'taxonname': 'Chimpancé', 'primary': False, 'language': 'spa'}]"
Lepus capensis,"[{'taxonname': 'Cape Hare', 'primary': True, 'language': 'eng'}, {'taxonname': 'Arabian Hare', 'primary': False, 'language': 'eng'}, {'taxonname': 'Brown Hare', 'primary': False, 'language': 'eng'}, {'taxonname': 'Desert Hare', 'primary': False, 'language': 'eng'}, {'taxonname': 'Lievre Du Cap', 'primary': False, 'language': 'fre'}, {'taxonname': 'Liebre Del Cabo', 'primary': False, 'language': 'spa'}]"
Lepus microtis,[]
Pronolagus rupestris,"[{'taxonname': ""Smith's Red Rock Hare"", 'primary': True, 'language': 'eng'}, {'taxonname': ""Smith's Red Rockhare"", 'primary': False, 'language': 'eng'}, {'taxonname': ""Smith's Red Rabbit"", 'primary': False, 'language': 'eng'}, {'taxonname': 'Lièvre Roux de Smith', 'primary': False, 'language': 'fre'}]"
Atelerix albiventris,"[{'taxonname': 'Four-toed Hedgehog', 'primary': True, 'language': 'eng'}]"
Congosorex phillipsorum,"[{'taxonname': 'Phillips’ Congo Shrew', 'primary': True, 'language': 'eng'}]"
Crocidura allex,"[{'taxonname': 'Highlands Shrew', 'primary': False, 'language': 'eng'}, {'taxonname': 'East African Highland Shrew', 'primary': False, 'language': 'eng'}]"
Crocidura desperata,"[{'taxonname': 'Desperate Shrew', 'primary': True, 'language': 'eng'}]"
Crocidura elgonius,"[{'taxonname': 'Elgon Shrew', 'primary': False, 'language': 'eng'}]"
Crocidura fischeri,"[{'taxonname': ""Fischer's Shrew"", 'primary': True, 'language': 'eng'}]"
Crocidura fuscomurina,"[{'taxonname': 'Tiny Musk Shrew', 'primary': False, 'language': 'eng'}, {'taxonname': 'Bicolored Musk Shrew', 'primary': False, 'language': 'eng'}]"
Crocidura gracilipes,"[{'taxonname': ""Peters' Musk Shrew"", 'primary': True, 'language': 'eng'}]"
Crocidura hildegardeae,"[{'taxonname': ""Hildegarde's Shrew"", 'primary': False, 'language': 'eng'}]"
Crocidura hirta,"[{'taxonname': 'Lesser Red Musk Shrew', 'primary': False, 'language': 'eng'}]"
Crocidura jacksoni,"[{'taxonname': ""Jackson's Shrew"", 'primary': False, 'language': 'eng'}]"
Crocidura luna,"[{'taxonname': 'Greater Gray-brown Musk Shrew', 'primary': False, 'language': 'eng'}]"
Crocidura monax,"[{'taxonname': 'Kilimanjaro Shrew', 'primary': True, 'language': 'eng'}, {'taxonname': 'Rombo Shrew', 'primary': False, 'language': 'eng'}]"
Crocidura montis,"[{'taxonname': 'Montane White-toothed Shrew', 'primary': True, 'language': 'eng'}]"
Crocidura nana,"[{'taxonname': 'Somali Dwarf Shrew', 'primary': False, 'language': 'eng'}, {'taxonname': 'Dwarf White-toothed Shrew', 'primary': True, 'language': 'eng'}]"
Crocidura nanilla,"[{'taxonname': 'Tiny White-toothed Shrew', 'primary': False, 'language': 'eng'}, {'taxonname': 'Savanna Dwarf Shrew', 'primary': False, 'language': 'eng'}]"
Crocidura nigrofusca,"[{'taxonname': 'Tenebrous Shrew', 'primary': False, 'language': 'eng'}, {'taxonname': 'African Black Shrew', 'primary': False, 'language': 'eng'}]"
Crocidura olivieri,"[{'taxonname': ""Olivier's Shrew"", 'primary': True, 'language': 'eng'}, {'taxonname': 'African Giant Shrew', 'primary': False, 'language': 'eng'}]"
Crocidura parvipes,"[{'taxonname': 'Small-footed Shrew', 'primary': False, 'language': 'eng'}]"
Crocidura roosevelti,"[{'taxonname': ""Roosvelt's Shrew"", 'primary': False, 'language': 'eng'}]"
Crocidura tansaniana,"[{'taxonname': 'Tanzanian Shrew', 'primary': True, 'language': 'eng'}]"
Crocidura telfordi,"[{'taxonname': ""Telford's Shrew"", 'primary': True, 'language': 'eng'}]"
Crocidura turba,"[{'taxonname': 'Turbo Shrew', 'primary': False, 'language': 'eng'}, {'taxonname': 'Tumultuous Shrew', 'primary': False, 'language': 'eng'}]"
Crocidura usambarae,"[{'taxonname': 'Usambara Shrew', 'primary': True, 'language': 'eng'}, {'taxonname': 'Usambara Shrew', 'primary': False, 'language': 'eng'}]"
Crocidura viaria,"[{'taxonname': 'Savanna Path Shrew', 'primary': False, 'language': 'eng'}]"
Crocidura voi,"[{'taxonname': 'Voi Shrew', 'primary': False, 'language': 'eng'}]"
Crocidura xantippe,"[{'taxonname': ""Xanthippe's Shrew"", 'primary': False, 'language': 'eng'}, {'taxonname': 'Vermiculate Shrew', 'primary': False, 'language': 'eng'}]"
Myosorex geata,"[{'taxonname': 'Geata Mouse Shrew', 'primary': True, 'language': 'eng'}]"
Myosorex kihaulei,"[{'taxonname': ""Kihaule's Mouse Shrew"", 'primary': True, 'language': 'eng'}]"
Myosorex zinki,"[{'taxonname': 'Kilimanjaro Mouse Shrew', 'primary': True, 'language': 'eng'}]"
Suncus aequatorius,"[{'taxonname': 'Taita Dwarf Shrew', 'primary': True, 'language': 'eng'}]"
Suncus lixus,"[{'taxonname': 'Greater Dwarf Shrew', 'primary': False, 'language': 'eng'}]"
Suncus megalura,"[{'taxonname': 'Climbing Shrew', 'primary': False, 'language': 'eng'}]"
Suncus murinus,"[{'taxonname': 'House Shrew', 'primary': True, 'language': 'eng'}, {'taxonname': 'Asian House Shrew', 'primary': False, 'language': 'eng'}]"
Suncus varilla,"[{'taxonname': 'Lesser Dwarf Shrew', 'primary': False, 'language': 'eng'}]"
Sylvisorex granti,"[{'taxonname': ""Grant's Forest Shrew"", 'primary': False, 'language': 'eng'}, {'taxonname': ""Grant's Shrew"", 'primary': False, 'language': 'eng'}]"
Sylvisorex howelli,"[{'taxonname': ""Howell's Shrew"", 'primary': False, 'language': 'eng'}, {'taxonname': ""Howell's Forest Shrew"", 'primary': True, 'language': 'eng'}]"
Sylvisorex johnstoni,"[{'taxonname': ""Johnston's Forest Shrew"", 'primary': False, 'language': 'eng'}, {'taxonname': ""Johnston's Shrew"", 'primary': False, 'language': 'eng'}]"
Sylvisorex lunaris,"[{'taxonname': 'Moon Forest Shrew', 'primary': True, 'language': 'eng'}, {'taxonname': 'Crescent Shrew', 'primary': False, 'language': 'eng'}]"
Coleura afra,"[{'taxonname': 'African Sheath-tailed Bat', 'primary': True, 'language': 'eng'}]"
Coleura seychellensis,"[{'taxonname': 'Seychelles Sheath-tailed Bat', 'primary': True, 'language': 'eng'}]"
Taphozous hildegardeae,"[{'taxonname': ""Hildegarde's Tomb Bat"", 'primary': True, 'language': 'eng'}, {'taxonname': 'Taphien de Hildegarde', 'primary': False, 'language': 'fre'}]"
Taphozous mauritianus,"[{'taxonname': 'Mauritian Tomb Bat', 'primary': True, 'language': 'eng'}, {'taxonname': 'Taphozous bat of Mauritius', 'primary': False, 'language': 'eng'}, {'taxonname': 'Tomb Bat', 'primary': False, 'language': 'eng'}]"
Taphozous nudiventris,"[{'taxonname': 'Naked-rumped Tomb Bat', 'primary': True, 'language': 'eng'}, {'taxonname': 'Naked-bellied Tomb Bat', 'primary': False, 'language': 'eng'}]"
Taphozous perforatus,"[{'taxonname': 'Egyptian Tomb Bat', 'primary': True, 'language': 'eng'}, {'taxonname': ""Geoffroy's Tomb Bat"", 'primary': False, 'language': 'eng'}, {'taxonname': 'African Taphozous', 'primary': False, 'language': 'eng'}, {'taxonname': 'Tomb Bat', 'primary': False, 'language': 'eng'}, {'taxonname': 'Perforated Taphozous Bat', 'primary': False, 'language': 'eng'}]"
Asellia tridens,"[{'taxonname': ""Geoffroy's Trident Leaf-nosed Bat"", 'primary': True, 'language': 'eng'}, {'taxonname': 'Trident Bat', 'primary': False, 'language': 'eng'}, {'taxonname': 'Trident Leaf-nosed Bat', 'primary': False, 'language': 'eng'}]"
Cloeotis percivali,"[{'taxonname': ""Percival's Trident Bat"", 'primary': True, 'language': 'eng'}, {'taxonname': ""Percival's Short-eared Trident Bat"", 'primary': False, 'language': 'eng'}, {'taxonname': 'African Trident Bat', 'primary': False, 'language': 'eng'}, {'taxonname': 'East African Trident Bat', 'primary': False, 'language': 'eng'}, {'taxonname': 'Short-eared Trident Bat', 'primary': False, 'language': 'eng'}]"
Hipposideros caffer,"[{'taxonname': 'Cape Leaf-nosed bat', 'primary': True, 'language': 'eng'}, {'taxonname': 'Common African Leaf-nosed Bat', 'primary': False, 'language': 'eng'}, {'taxonname': 'Lesser Leaf-nosed bat', 'primary': False, 'language': 'eng'}, {'taxonname': ""Sundevall's Leaf-nosed Bat"", 'primary': False, 'language': 'eng'}, {'taxonname': ""Sundevall's Roundleaf Bat"", 'primary': False, 'language': 'eng'}, {'taxonname': 'Phyllorhine de Cafrerie', 'primary': False, 'language': 'fre'}]"
Hipposideros cyclops,"[{'taxonname': 'Cyclops Roundleaf Bat', 'primary': True, 'language': 'eng'}]"
Hipposideros gigas,[]
Hipposideros ruber,"[{'taxonname': ""Noack's Roundleaf Bat"", 'primary': True, 'language': 'eng'}]"
Hipposideros vittatus,[]
Triaenops persicus,"[{'taxonname': 'Persian Trident Bat', 'primary': True, 'language': 'eng'}, {'taxonname': 'Persian Leaf-nosed Bat', 'primary': False, 'language': 'eng'}]"
Cardioderma cor,"[{'taxonname': 'Heart-nosed Bat', 'primary': True, 'language': 'eng'}, {'taxonname': 'African False Vampire Bat', 'primary': False, 'language': 'eng'}]"
Lavia frons,"[{'taxonname': 'Yellow-winged Bat', 'primary': True, 'language': 'eng'}]"
Chaerephon ansorgei,"[{'taxonname': ""Ansorge's Free-tailed Bat"", 'primary': False, 'language': 'eng'}, {'taxonname': ""Ansorge's Wrinkle-lipped Bat"", 'primary': True, 'language': 'eng'}, {'taxonname': ""Molosse d'Afrique du Sud"", 'primary': False, 'language': 'fre'}, {'taxonname': ""Molosse d'Ansorge"", 'primary': False, 'language': 'fre'}, {'taxonname': ""Tadaride d'Ansorge"", 'primary': False, 'language': 'fre'}]"
Chaerephon bemmeleni,"[{'taxonname': 'Gland-tailed Free-tailed Bat', 'primary': False, 'language': 'eng'}, {'taxonname': 'Gland-tailed Wrinkle-lipped Bat', 'primary': True, 'language': 'eng'}, {'taxonname': ""Van Bemmelen's Wrinkle-lipped Bat"", 'primary': False, 'language': 'eng'}, {'taxonname': 'Molosse à glandes caudales', 'primary': False, 'language': 'fre'}, {'taxonname': 'Tadaride à glande caudale', 'primary': False, 'language': 'fre'}]"
Chaerephon bivittatus,"[{'taxonname': 'Spotted Free-tailed Bat', 'primary': False, 'language': 'eng'}, {'taxonname': 'Spotted Wrinkle-lipped Bat', 'primary': True, 'language': 'eng'}, {'taxonname': 'Spotted Gland-tailed Bat', 'primary': False, 'language': 'eng'}, {'taxonname': 'Molosse tacheté', 'primary': False, 'language': 'fre'}, {'taxonname': 'Tadaride tachetée', 'primary': False, 'language': 'fre'}]"
Chaerephon leucogaster,[]
Chaerephon major,"[{'taxonname': 'Large Wrinkle-lipped Bat', 'primary': True, 'language': 'eng'}, {'taxonname': 'Giant Gland-tailed Bat', 'primary': False, 'language': 'eng'}, {'taxonname': 'Lappet-eared Free-tailed Bat', 'primary': False, 'language': 'eng'}, {'taxonname': 'Lappet-eared Wrinkle-lipped Bat', 'primary': False, 'language': 'eng'}, {'taxonname': 'Grand molosse à glandes caudales', 'primary': False, 'language': 'fre'}, {'taxonname': 'Tadaride à oreillettes', 'primary': False, 'language': 'fre'}]"
Chaerephon nigeriae,"[{'taxonname': 'Nigerian Free-tailed Bat', 'primary': True, 'language': 'eng'}, {'taxonname': 'Nigerian Wrinkle-lipped Bat', 'primary': False, 'language': 'eng'}, {'taxonname': 'Molosse du Nigéria', 'primary': False, 'language': 'fre'}, {'taxonname': 'Tadaride du Nigeria', 'primary': False, 'language': 'fre'}]"
Chaerephon pumilus,"[{'taxonname': 'Little Free-tailed Bat', 'primary': True, 'language': 'eng'}, {'taxonname': 'Lesser Free-tailed Bat', 'primary': False, 'language': 'eng'}, {'taxonname': 'Little Wrinkle-lipped Bat', 'primary': False, 'language': 'eng'}, {'taxonname': 'White-bellied Free-tailed Bat', 'primary': False, 'language': 'eng'}, {'taxonname': 'Petite tadaride', 'primary': False, 'language': 'fre'}, {'taxonname': 'Petit molosse à glandes caudales', 'primary': False, 'language': 'fre'}, {'taxonname': 'Tadaride bornée', 'primary': False, 'language': 'fre'}]"
Mops bakarii,[]
Mops brachypterus,"[{'taxonname': 'Sierra Leone Free-tailed Bat', 'primary': False, 'language': 'eng'}, {'taxonname': 'White-fingered Free-tailed Bat', 'primary': False, 'language': 'eng'}, {'taxonname': 'Sierra Leone Mops Bat', 'primary': True, 'language': 'eng'}, {'taxonname': 'Short-winged Mops Bat', 'primary': False, 'language': 'eng'}, {'taxonname': 'Tadaride de Peters', 'primary': False, 'language': 'fre'}, {'taxonname': 'Tadaride à doigts blancs', 'primary': False, 'language': 'fre'}]"
Mops condylurus,"[{'taxonname': 'Knob-tailed Mops Bat', 'primary': False, 'language': 'eng'}, {'taxonname': 'Knob-tailed Nyctinome', 'primary': False, 'language': 'eng'}, {'taxonname': 'Angolan Mops Bat', 'primary': True, 'language': 'eng'}, {'taxonname': 'Angolan Free-tailed Bat', 'primary': False, 'language': 'eng'}, {'taxonname': ""Tadaride d'Angola"", 'primary': False, 'language': 'fre'}, {'taxonname': ""Molosse d'Angola"", 'primary': False, 'language': 'fre'}]"
Mops midas,"[{'taxonname': 'Midas Mops Bat', 'primary': True, 'language': 'eng'}, {'taxonname': 'Midas Groove-cheeked Bat', 'primary': False, 'language': 'eng'}, {'taxonname': 'Midas Bat', 'primary': False, 'language': 'eng'}, {'taxonname': 'Midas Free-tailed Bat', 'primary': False, 'language': 'eng'}, {'taxonname': ""Sundevall's Free-tailed Bat"", 'primary': False, 'language': 'eng'}, {'taxonname': 'Molosse Midas', 'primary': False, 'language': 'fre'}, {'taxonname': 'Molosse de Midas', 'primary': False, 'language': 'fre'}, {'taxonname': 'Tadarida de Midas', 'primary': False, 'language': 'fre'}, {'taxonname': 'Tadaride Midas', 'primary': False, 'language': 'fre'}]"
Mops niveiventer,"[{'taxonname': 'White-bellied Free-tailed Bat', 'primary': False, 'language': 'eng'}, {'taxonname': 'White-bellied Mops Bat', 'primary': True, 'language': 'eng'}, {'taxonname': 'Tadaride à ventre blanc', 'primary': False, 'language': 'fre'}]"
Mops thersites,"[{'taxonname': 'Railer Bat', 'primary': True, 'language': 'eng'}, {'taxonname': 'Railer Mops Bat', 'primary': False, 'language': 'eng'}, {'taxonname': 'Tadaride de Railer', 'primary': False, 'language': 'eng'}]"
Otomops martiensseni,"[{'taxonname': 'Large-eared Free-tailed Bat', 'primary': True, 'language': 'eng'}, {'taxonname': ""Martienssen's Big-eared Bulldog Bat"", 'primary': False, 'language': 'eng'}, {'taxonname': 'Giant Mastiff Bat', 'primary': False, 'language': 'eng'}, {'taxonname': ""Martiensen's Free-tailed Bat"", 'primary': False, 'language': 'eng'}, {'taxonname': 'Martienssen Bat', 'primary': False, 'language': 'eng'}, {'taxonname': 'Large-eared Giant Mastiff Bat', 'primary': False, 'language': 'eng'}]"
Tadarida aegyptiaca,"[{'taxonname': 'Egyptian Guano Bat', 'primary': False, 'language': 'eng'}, {'taxonname': 'Egyptian Nyctinome', 'primary': False, 'language': 'eng'}, {'taxonname': 'Egyptian Free-tailed Bat', 'primary': True, 'language': 'eng'}]"
Tadarida fulminans,"[{'taxonname': 'Malagasy Free-tailed Bat', 'primary': True, 'language': 'eng'}, {'taxonname': 'Madagascan Large Free-tailed Bat', 'primary': False, 'language': 'eng'}, {'taxonname': 'Lightning Guano Bat', 'primary': False, 'language': 'eng'}, {'taxonname': 'Large Free-tailed Bat', 'primary': False, 'language': 'eng'}, {'taxonname': 'Large Guano Bat', 'primary': False, 'language': 'eng'}]"
Tadarida ventralis,"[{'taxonname': 'African Giant Free-tailed Bat', 'primary': True, 'language': 'eng'}]"
Nycteris arge,"[{'taxonname': ""Bate's Slit-faced Bat"", 'primary': True, 'language': 'eng'}]"
Nycteris aurita,"[{'taxonname': ""Andersen's Slit-faced Bat"", 'primary': True, 'language': 'eng'}]"
Nycteris grandis,"[{'taxonname': 'Large Slit-faced Bat', 'primary': False, 'language': 'eng'}]"
Nycteris hispida,"[{'taxonname': 'Hairy Slit-faced Bat', 'primary': False, 'language': 'eng'}, {'taxonname': 'Hairy Long-eared Bat', 'primary': False, 'language': 'eng'}]"
Nycteris intermedia,"[{'taxonname': 'Intermediate Slit-faced Bat', 'primary': True, 'language': 'eng'}]"
Nycteris macrotis,"[{'taxonname': 'Large-eared Slit-faced Bat', 'primary': False, 'language': 'eng'}]"
Nycteris nana,"[{'taxonname': 'Dwarf Slit-faced Bat', 'primary': False, 'language': 'eng'}]"
Nycteris thebaica,"[{'taxonname': 'Egyptian Slit-faced Bat', 'primary': False, 'language': 'eng'}, {'taxonname': 'Common Slit-faced Bat', 'primary': False, 'language': 'eng'}, {'taxonname': ""Geoffroy's Nycteris"", 'primary': False, 'language': 'eng'}, {'taxonname': 'Cape Long-eared Bat', 'primary': True, 'language': 'eng'}]"
Nycteris woodi,"[{'taxonname': ""Wood's Slit-faced Bat"", 'primary': True, 'language': 'eng'}, {'taxonname': ""Wood's Long-eared Bat"", 'primary': False, 'language': 'eng'}]"
Eidolon helvum,"[{'taxonname': 'Straw-coloured Fruit Bat', 'primary': False, 'language': 'eng'}, {'taxonname': 'Pale Xantharpy', 'primary': False, 'language': 'eng'}, {'taxonname': 'Straw-coloured Flying Fox', 'primary': False, 'language': 'eng'}, {'taxonname': 'African Straw-coloured Fruit-bat', 'primary': True, 'language': 'eng'}]"
Epomophorus gambianus,"[{'taxonname': 'Gambian Epauletted Fruit Bat', 'primary': True, 'language': 'eng'}]"
Epomophorus labiatus,"[{'taxonname': 'Ethiopian Epauletted Fruit Bat', 'primary': True, 'language': 'eng'}]"
Epomophorus minor,"[{'taxonname': 'Minor Epauletted Fruit Bat ', 'primary': True, 'language': 'eng'}]"
Epomophorus wahlbergi,"[{'taxonname': ""Wahlberg's Epauletted Fruit Bat"", 'primary': True, 'language': 'eng'}]"
Epomops dobsonii,"[{'taxonname': ""Dobson's Fruit Bat"", 'primary': True, 'language': 'eng'}]"
Epomops franqueti,"[{'taxonname': ""Franquet's Epauletted Fruit Bat"", 'primary': False, 'language': 'eng'}]"
Hypsignathus monstrosus,"[{'taxonname': 'Hammer-headed Fruit Bat', 'primary': True, 'language': 'eng'}]"
Lissonycteris angolensis,"[{'taxonname': 'Angolan Rousette', 'primary': False, 'language': 'eng'}, {'taxonname': 'Angolan Fruit Bat', 'primary': False, 'language': 'eng'}]"
Micropteropus pusillus,"[{'taxonname': ""Peter's Dwarf Epauletted Fruit Bat"", 'primary': True, 'language': 'eng'}]"
Myonycteris relicta,"[{'taxonname': ""Bergmans's Collared Fruit Bat"", 'primary': False, 'language': 'eng'}, {'taxonname': 'East African Little Collared Fruit Bat', 'primary': True, 'language': 'eng'}]"
Pteropus seychellensis comorensis,[]
Pteropus voeltzkowi,"[{'taxonname': 'Pemba Flying Fox', 'primary': True, 'language': 'eng'}, {'taxonname': 'Zorro Volador de Voeltzkow', 'primary': False, 'language': 'spa'}]"
Rousettus aegyptiacus,"[{'taxonname': 'Egyptian Rousette', 'primary': False, 'language': 'eng'}, {'taxonname': 'Egyptian Fruit Bat', 'primary': True, 'language': 'eng'}]"
Rousettus lanosus,"[{'taxonname': 'Long-haired Rousette', 'primary': False, 'language': 'eng'}]"
Rhinolophus blasii,"[{'taxonname': ""Blasius's Horseshoe Bat"", 'primary': True, 'language': 'eng'}, {'taxonname': ""Peters's Horseshoe Bat"", 'primary': False, 'language': 'eng'}, {'taxonname': 'Peak-saddle Horseshoe Bat', 'primary': False, 'language': 'eng'}]"
Rhinolophus clivosus,"[{'taxonname': ""Cretzschmar's Horseshoe Bat"", 'primary': False, 'language': 'eng'}, {'taxonname': 'Arabian Horseshoe Bat', 'primary': False, 'language': 'eng'}, {'taxonname': ""Geoffroy's Horseshoe Bat"", 'primary': True, 'language': 'eng'}]"
Rhinolophus darlingi,"[{'taxonname': ""Darling's Horseshoe Bat"", 'primary': True, 'language': 'eng'}]"
Rhinolophus deckenii,"[{'taxonname': ""Decken's Horseshoe Bat"", 'primary': True, 'language': 'eng'}, {'taxonname': 'Rhinolophe de Decken', 'primary': False, 'language': 'fre'}]"
Rhinolophus eloquens,"[{'taxonname': 'Eloquent Horseshoe Bat', 'primary': True, 'language': 'eng'}]"
Rhinolophus fumigatus,"[{'taxonname': ""Rüppell's Horseshoe Bat"", 'primary': False, 'language': 'eng'}]"
Rhinolophus hildebrandtii,"[{'taxonname': ""Hildebrandt's Horseshoe Bat"", 'primary': True, 'language': 'eng'}]"
Rhinolophus landeri,"[{'taxonname': ""Lander's Horseshoe Bat"", 'primary': False, 'language': 'eng'}]"
Rhinolophus maendeleo,"[{'taxonname': 'Maendeleo Horseshoe Bat', 'primary': True, 'language': 'eng'}, {'taxonname': 'Rhinolophe de Tanga', 'primary': False, 'language': 'fre'}, {'taxonname': 'Rhinolophe de Maendeleo', 'primary': False, 'language': 'fre'}]"
Rhinolophus simulator,"[{'taxonname': 'Bushveld Horseshoe Bat', 'primary': False, 'language': 'eng'}]"
Rhinolophus swinnyi,"[{'taxonname': ""Swinny's Horseshoe Bat"", 'primary': True, 'language': 'eng'}]"
Glauconycteris argentata,"[{'taxonname': 'Silvered Bat', 'primary': False, 'language': 'eng'}]"
Glauconycteris variegata,"[{'taxonname': 'Butterfly Bat', 'primary': False, 'language': 'eng'}, {'taxonname': 'Variegated Butterfly Bat', 'primary': False, 'language': 'eng'}, {'taxonname': 'Leaf-winged Bat', 'primary': False, 'language': 'eng'}]"
Kerivoula africana,"[{'taxonname': 'Tanzanian Woolly Bat', 'primary': True, 'language': 'eng'}]"
Kerivoula argentata,"[{'taxonname': 'Damara Woolly Bat', 'primary': False, 'language': 'eng'}, {'taxonname': 'Silvery Woolly Bat', 'primary': False, 'language': 'eng'}, {'taxonname': 'Silvered Woolly Bat', 'primary': False, 'language': 'eng'}, {'taxonname': 'Silver Woolly Bat', 'primary': False, 'language': 'eng'}]"
Kerivoula lanosa,"[{'taxonname': 'Lesser Woolly Bat', 'primary': True, 'language': 'eng'}]"
Laephotis wintoni,"[{'taxonname': ""De Winton's Long-eared Bat"", 'primary': False, 'language': 'eng'}, {'taxonname': ""Winton's Long-eared Bat"", 'primary': False, 'language': 'eng'}]"
Mimetillus moloneyi,"[{'taxonname': ""Moloney's Flat-headed Bat"", 'primary': False, 'language': 'eng'}]"
Miniopterus africanus,"[{'taxonname': 'African Long-fingered Bat', 'primary': True, 'language': 'eng'}]"
Miniopterus minor,"[{'taxonname': 'Least Long-fingered Bat', 'primary': False, 'language': 'eng'}]"
Miniopterus natalensis,"[{'taxonname': 'Natal Clinging Bat', 'primary': False, 'language': 'eng'}, {'taxonname': 'Natal Long-fingered Bat', 'primary': True, 'language': 'eng'}]"
Miniopterus schreibersi,[]
Myotis bocagei,[]
Myotis tricolor,"[{'taxonname': 'Cape Hairy Bat', 'primary': False, 'language': 'eng'}, {'taxonname': ""Temminck's Mouse-eared Bat"", 'primary': False, 'language': 'eng'}, {'taxonname': 'Cape Myotis', 'primary': False, 'language': 'eng'}, {'taxonname': 'Three-coloured bat', 'primary': False, 'language': 'eng'}]"
Myotis welwitschii,"[{'taxonname': ""Welwitch's Bat"", 'primary': False, 'language': 'eng'}, {'taxonname': ""Welwitsch's Mouse-eared Bat"", 'primary': False, 'language': 'eng'}, {'taxonname': ""Welwitsch's Myotis"", 'primary': False, 'language': 'eng'}, {'taxonname': ""Welwitsch's Hairy Bat"", 'primary': False, 'language': 'eng'}]"
Neoromicia capensis,"[{'taxonname': 'Cape Serotine', 'primary': False, 'language': 'eng'}, {'taxonname': 'Cape Pipistrelle Bat', 'primary': False, 'language': 'eng'}, {'taxonname': 'Cape House Bat', 'primary': False, 'language': 'eng'}, {'taxonname': 'Cape Serotine Bat', 'primary': False, 'language': 'eng'}, {'taxonname': 'Cape Bat', 'primary': True, 'language': 'eng'}, {'taxonname': 'Sérotine du Cap', 'primary': False, 'language': 'fre'}]"
Neoromicia guineensis,"[{'taxonname': 'Tiny Serotine', 'primary': False, 'language': 'eng'}, {'taxonname': 'Guinean Pipistrelle Bat', 'primary': True, 'language': 'eng'}, {'taxonname': 'Sérotine de Guinée', 'primary': False, 'language': 'fre'}, {'taxonname': 'Sérotine minuscule', 'primary': False, 'language': 'fre'}, {'taxonname': 'Pipistrelle de Guinée', 'primary': False, 'language': 'fre'}]"
Neoromicia helios,"[{'taxonname': ""Heller's Pipistrelle"", 'primary': False, 'language': 'eng'}, {'taxonname': 'Helios Pipistrelle Bat', 'primary': False, 'language': 'eng'}, {'taxonname': 'Samburu Pipistrelle Bat', 'primary': True, 'language': 'eng'}, {'taxonname': 'Pipistrelle soleil', 'primary': False, 'language': 'fre'}]"
Neoromicia melckorum,"[{'taxonname': ""Melck's House Bat"", 'primary': False, 'language': 'eng'}, {'taxonname': ""Melck's Serotine Bat"", 'primary': False, 'language': 'eng'}, {'taxonname': ""Melck's Pipistrelle Bat"", 'primary': True, 'language': 'eng'}, {'taxonname': 'Pipistrelle des Melcks', 'primary': False, 'language': 'fre'}, {'taxonname': 'Sérotine de Melck', 'primary': False, 'language': 'fre'}]"
Neoromicia nanus,[]
Neoromicia rendalli,"[{'taxonname': ""Rendall's Serotine"", 'primary': True, 'language': 'eng'}, {'taxonname': ""Rendall's Serotine Bat"", 'primary': False, 'language': 'eng'}, {'taxonname': ""Rendall's Pipistrelle Bat"", 'primary': False, 'language': 'eng'}, {'taxonname': ""Rendall's Pipistrelle"", 'primary': False, 'language': 'eng'}, {'taxonname': 'Serotine de Rendall', 'primary': False, 'language': 'fre'}, {'taxonname': 'Pipistrelle de Rendall', 'primary': False, 'language': 'fre'}]"
Neoromicia somalicus,[]
Neoromicia tenuipinnis,"[{'taxonname': 'White-winged Serotine', 'primary': False, 'language': 'eng'}, {'taxonname': 'White-winged Pipistrelle Bat', 'primary': False, 'language': 'eng'}, {'taxonname': 'White-winged Bat', 'primary': False, 'language': 'eng'}, {'taxonname': 'Slenderwinged Pipistrelle Bat', 'primary': True, 'language': 'eng'}, {'taxonname': 'Sérotine à ailes blanches', 'primary': False, 'language': 'fre'}, {'taxonname': 'Pipistrelle à ailes blanches', 'primary': False, 'language': 'fre'}]"
Neoromicia zuluensis,"[{'taxonname': 'Zulu Pipistrelle Bat', 'primary': True, 'language': 'eng'}, {'taxonname': 'Aloe Bat', 'primary': False, 'language': 'eng'}, {'taxonname': 'Aloe Serotine Bat', 'primary': False, 'language': 'eng'}, {'taxonname': 'Zulu Serotine Bat', 'primary': False, 'language': 'eng'}, {'taxonname': 'Aloe Serotine', 'primary': False, 'language': 'eng'}, {'taxonname': 'Sérotine des aloes', 'primary': False, 'language': 'fre'}, {'taxonname': 'Pipistrelle zouloue', 'primary': False, 'language': 'fre'}]"
Nycticeinops schlieffeni,"[{'taxonname': ""Schlieffen's Bat"", 'primary': True, 'language': 'eng'}, {'taxonname': ""Schlieffen's Twilight Bat"", 'primary': False, 'language': 'eng'}]"
Pipistrellus hesperidus,"[{'taxonname': 'African Pipistrelle', 'primary': True, 'language': 'eng'}, {'taxonname': 'Dusky Pipistrelle', 'primary': False, 'language': 'eng'}]"
Pipistrellus permixtus,"[{'taxonname': 'Dar-es-salaam Pipistrelle', 'primary': False, 'language': 'eng'}]"
Pipistrellus rueppelli,[]
Pipistrellus rusticus,"[{'taxonname': 'Rusty Pipistrelle', 'primary': False, 'language': 'eng'}, {'taxonname': 'Rusty Pipistrelle Bat', 'primary': False, 'language': 'eng'}, {'taxonname': 'Rusty Bat', 'primary': True, 'language': 'eng'}]"
Scotoecus albofuscus,"[{'taxonname': 'Light-winged Lesser House Bat', 'primary': True, 'language': 'eng'}, {'taxonname': ""Thomas' House Bat"", 'primary': False, 'language': 'eng'}, {'taxonname': ""Thomas's Lesser House Bat"", 'primary': False, 'language': 'eng'}]"
Scotoecus hindei,[]
Scotoecus hirundo,"[{'taxonname': 'Dark-winged Lesser House Bat', 'primary': True, 'language': 'eng'}]"
Scotophilus dinganii,"[{'taxonname': 'African Yellow Bat', 'primary': False, 'language': 'eng'}, {'taxonname': ""Dingan's Bat"", 'primary': False, 'language': 'eng'}, {'taxonname': 'Yellow-bellied House Bat', 'primary': False, 'language': 'eng'}, {'taxonname': 'African Yellow House Bat', 'primary': False, 'language': 'eng'}, {'taxonname': 'Yellow House Bat', 'primary': False, 'language': 'fre'}]"
Scotophilus leucogaster,"[{'taxonname': 'White-bellied Yellow Bat', 'primary': True, 'language': 'eng'}]"
Scotophilus nigrita,"[{'taxonname': ""Schreber's Yellow Bat"", 'primary': False, 'language': 'eng'}, {'taxonname': 'Giant House Bat', 'primary': True, 'language': 'eng'}]"
Scotophilus viridis,"[{'taxonname': 'Greenish Yellow Bat', 'primary': False, 'language': 'eng'}, {'taxonname': 'Green House Bat', 'primary': False, 'language': 'eng'}, {'taxonname': 'Lesser Yellow House Bat', 'primary': False, 'language': 'eng'}]"
Manis gigantea,[]
Manis temminckii,[]
Manis tricuspis,[]
Canis adustus,"[{'taxonname': 'Side-striped Jackal', 'primary': True, 'language': 'eng'}, {'taxonname': 'Le chacal à flancs rayés', 'primary': False, 'language': 'fre'}]"
Canis aureus,"[{'taxonname': 'Golden Jackal', 'primary': True, 'language': 'eng'}, {'taxonname': 'Eurasian Golden Jackal', 'primary': False, 'language': 'eng'}, {'taxonname': 'Golden Jackal', 'primary': False, 'language': 'eng'}, {'taxonname': 'Common Jackal', 'primary': False, 'language': 'eng'}, {'taxonname': 'Asiatic Jackal', 'primary': False, 'language': 'eng'}, {'taxonname': 'Chacal Commun', 'primary': False, 'language': 'fre'}, {'taxonname': 'Chacal Doré', 'primary': False, 'language': 'fre'}, {'taxonname': 'Chacal', 'primary': False, 'language': 'spa'}]"
Canis mesomelas,"[{'taxonname': 'Black-backed Jackal', 'primary': True, 'language': 'eng'}, {'taxonname': 'Silver-backed Jackal', 'primary': False, 'language': 'eng'}, {'taxonname': 'Chacal À Chabraque', 'primary': False, 'language': 'fre'}]"
Lycaon pictus,"[{'taxonname': 'African Wild Dog', 'primary': True, 'language': 'eng'}, {'taxonname': 'Cape Hunting Dog', 'primary': False, 'language': 'eng'}, {'taxonname': 'Painted Hunting Dog', 'primary': False, 'language': 'eng'}, {'taxonname': 'Cynhyene', 'primary': False, 'language': 'fre'}, {'taxonname': 'Loup-peint', 'primary': False, 'language': 'fre'}, {'taxonname': 'Lycaon', 'primary': False, 'language': 'fre'}, {'taxonname': 'Licaon', 'primary': False, 'language': 'spa'}]"
Otocyon megalotis,"[{'taxonname': 'Bat-eared Fox', 'primary': True, 'language': 'eng'}, {'taxonname': ""l 'Otocyon"", 'primary': False, 'language': 'fre'}]"
Acinonyx jubatus,"[{'taxonname': 'Cheetah', 'primary': True, 'language': 'eng'}, {'taxonname': 'Guépard', 'primary': False, 'language': 'fre'}, {'taxonname': 'Chita', 'primary': False, 'language': 'spa'}, {'taxonname': 'Guepardo', 'primary': False, 'language': 'spa'}]"
Caracal caracal,"[{'taxonname': 'Caracal', 'primary': True, 'language': 'eng'}, {'taxonname': 'African Caracal', 'primary': False, 'language': 'eng'}, {'taxonname': 'Asian Caracal', 'primary': False, 'language': 'eng'}, {'taxonname': 'Desert Lynx', 'primary': False, 'language': 'eng'}, {'taxonname': 'Lynx Du Désert', 'primary': False, 'language': 'fre'}, {'taxonname': 'Lince Africano', 'primary': False, 'language': 'spa'}]"
Felis silvestris,"[{'taxonname': 'Wildcat', 'primary': False, 'language': 'eng'}, {'taxonname': 'European Wildcat', 'primary': True, 'language': 'eng'}, {'taxonname': 'Chat sauvage', 'primary': False, 'language': 'fre'}, {'taxonname': 'Gato Montés', 'primary': False, 'language': 'spa'}, {'taxonname': 'Gato Silvestre', 'primary': False, 'language': 'spa'}]"
Leptailurus serval,"[{'taxonname': 'Serval', 'primary': True, 'language': 'eng'}, {'taxonname': 'Chat-tigre', 'primary': False, 'language': 'fre'}]"
Panthera leo,"[{'taxonname': 'Lion', 'primary': True, 'language': 'eng'}, {'taxonname': 'African Lion', 'primary': False, 'language': 'eng'}, {'taxonname': ""Lion d'Afrique"", 'primary': False, 'language': 'fre'}, {'taxonname': 'León', 'primary': False, 'language': 'spa'}]"
Panthera pardus,"[{'taxonname': 'Leopard', 'primary': True, 'language': 'eng'}, {'taxonname': 'Panthère', 'primary': False, 'language': 'fre'}, {'taxonname': 'Léopard', 'primary': False, 'language': 'fre'}, {'taxonname': 'Leopardo', 'primary': False, 'language': 'spa'}, {'taxonname': 'Pantera', 'primary': False, 'language': 'spa'}]"
Atilax paludinosus,"[{'taxonname': 'Marsh Mongoose', 'primary': True, 'language': 'eng'}, {'taxonname': 'Water Mongoose', 'primary': False, 'language': 'eng'}, {'taxonname': 'Mangouste des marais', 'primary': False, 'language': 'fre'}]"
Bdeogale crassicauda,"[{'taxonname': 'Bushy-tailed Mongoose', 'primary': True, 'language': 'eng'}, {'taxonname': 'Mangouste à queue touffue', 'primary': False, 'language': 'fre'}]"
Bdeogale jacksoni,"[{'taxonname': ""Jackson's Mongoose"", 'primary': True, 'language': 'eng'}, {'taxonname': 'Mangouste de Jackson', 'primary': False, 'language': 'fre'}]"
Galerella sanguinea,[]
Helogale parvula,"[{'taxonname': 'Common Dwarf Mongoose', 'primary': True, 'language': 'eng'}, {'taxonname': 'Dwarf Mongoose', 'primary': False, 'language': 'eng'}, {'taxonname': 'Mangouste naine', 'primary': False, 'language': 'fre'}]"
Herpestes ichneumon,"[{'taxonname': 'Large Grey Mongoose', 'primary': False, 'language': 'eng'}, {'taxonname': 'Egyptian Mongoose', 'primary': True, 'language': 'eng'}, {'taxonname': 'Mangouste ichneumon', 'primary': False, 'language': 'fre'}, {'taxonname': ""Mangouste d'Egypte"", 'primary': False, 'language': 'fre'}, {'taxonname': 'Meloncillo', 'primary': False, 'language': 'spa'}]"
Herpestes naso,"[{'taxonname': 'Long-nosed Mongoose', 'primary': True, 'language': 'eng'}, {'taxonname': 'Mangouste à long museau', 'primary': False, 'language': 'fre'}]"
Ichneumia albicauda,"[{'taxonname': 'White-tailed Mongoose', 'primary': True, 'language': 'eng'}, {'taxonname': 'Mangouste à queue blanche', 'primary': False, 'language': 'fre'}]"
Mungos mungo,"[{'taxonname': 'Banded Mongoose', 'primary': True, 'language': 'eng'}, {'taxonname': 'Mangue rayée', 'primary': False, 'language': 'fre'}]"
Rhynchogale melleri,"[{'taxonname': ""Meller's Mongoose"", 'primary': True, 'language': 'eng'}, {'taxonname': 'Mangouste de Meller', 'primary': False, 'language': 'fre'}]"
Crocuta crocuta,"[{'taxonname': 'Spotted Hyaena', 'primary': True, 'language': 'eng'}]"
Hyaena hyaena,"[{'taxonname': 'Striped Hyaena', 'primary': True, 'language': 'eng'}, {'taxonname': 'Hyène rayée', 'primary': False, 'language': 'fre'}, {'taxonname': 'Hiena Rayada', 'primary': False, 'language': 'spa'}]"
Proteles cristata,"[{'taxonname': 'Aardwolf', 'primary': True, 'language': 'eng'}, {'taxonname': 'Protèle', 'primary': False, 'language': 'fre'}, {'taxonname': 'Lobo de Tierra', 'primary': False, 'language': 'spa'}]"
Aonyx capensis,"[{'taxonname': 'African Clawless Otter', 'primary': True, 'language': 'eng'}, {'taxonname': 'Cape Clawless Otter', 'primary': False, 'language': 'eng'}, {'taxonname': 'Loutre à joues blanches', 'primary': False, 'language': 'fre'}, {'taxonname': 'Nutria Africana', 'primary': False, 'language': 'spa'}, {'taxonname': 'Nutria de Cuello Blanco', 'primary': False, 'language': 'spa'}]"
Hydrictis maculicollis,"[{'taxonname': 'Spotted-necked Otter', 'primary': True, 'language': 'eng'}, {'taxonname': 'Speckle-throated Otter', 'primary': False, 'language': 'eng'}, {'taxonname': 'Spot-necked Otter', 'primary': False, 'language': 'eng'}, {'taxonname': 'Loutre à cou tacheté', 'primary': False, 'language': 'fre'}, {'taxonname': 'Nutria de Cuello Manchado', 'primary': False, 'language': 'spa'}]"
Ictonyx striatus,"[{'taxonname': 'Zorilla', 'primary': True, 'language': 'eng'}, {'taxonname': 'Striped Weasel', 'primary': False, 'language': 'eng'}, {'taxonname': 'Striped Polecat', 'primary': False, 'language': 'eng'}, {'taxonname': 'Zorille commun', 'primary': False, 'language': 'fre'}]"
Mellivora capensis,"[{'taxonname': 'Honey Badger', 'primary': True, 'language': 'eng'}, {'taxonname': 'Ratel', 'primary': False, 'language': 'eng'}, {'taxonname': 'Ratel', 'primary': False, 'language': 'fre'}, {'taxonname': 'Blaireau à miel', 'primary': False, 'language': 'fre'}]"
Poecilogale albinucha,"[{'taxonname': 'African Striped Weasel', 'primary': True, 'language': 'eng'}, {'taxonname': 'Poecilogale à nuque blanche', 'primary': False, 'language': 'fre'}]"
Nandinia binotata,"[{'taxonname': 'African Palm Civet', 'primary': True, 'language': 'eng'}, {'taxonname': 'Two-spotted Palm Civet', 'primary': False, 'language': 'eng'}, {'taxonname': 'Tree Civet', 'primary': False, 'language': 'eng'}, {'taxonname': 'Nandinie', 'primary': False, 'language': 'fre'}]"
Civettictis civetta,"[{'taxonname': 'African Civet', 'primary': True, 'language': 'eng'}, {'taxonname': ""Civette d'Afrique"", 'primary': False, 'language': 'fre'}, {'taxonname': 'Civette africaine', 'primary': False, 'language': 'fre'}]"
Genetta angolensis,"[{'taxonname': 'Miombo Genet', 'primary': True, 'language': 'eng'}, {'taxonname': 'Angolan Genet', 'primary': False, 'language': 'eng'}, {'taxonname': ""Genette d'Angola"", 'primary': False, 'language': 'fre'}]"
Genetta genetta,"[{'taxonname': 'Common Genet', 'primary': True, 'language': 'eng'}, {'taxonname': 'Genette commune', 'primary': False, 'language': 'fre'}, {'taxonname': 'Gineta', 'primary': False, 'language': 'spa'}]"
Genetta maculata,"[{'taxonname': 'Rusty-spotted Genet', 'primary': False, 'language': 'eng'}, {'taxonname': 'Panther Genet', 'primary': False, 'language': 'eng'}, {'taxonname': 'Central African Large-spotted Genet', 'primary': False, 'language': 'eng'}, {'taxonname': 'Blotched Genet', 'primary': False, 'language': 'eng'}, {'taxonname': 'Large-spotted Genet', 'primary': True, 'language': 'eng'}, {'taxonname': 'Genette commune à grandes taches', 'primary': False, 'language': 'fre'}, {'taxonname': 'Genette à taches rousses', 'primary': False, 'language': 'fre'}]"
Genetta servalina,"[{'taxonname': 'Servaline Genet', 'primary': True, 'language': 'eng'}, {'taxonname': 'Genette servaline', 'primary': False, 'language': 'fre'}]"
Viverricula indica,"[{'taxonname': 'Small Indian Civet', 'primary': True, 'language': 'eng'}, {'taxonname': 'Oriental Civet', 'primary': False, 'language': 'eng'}, {'taxonname': 'Civette Indienne', 'primary': False, 'language': 'fre'}]"
Equus burchelli,[]
Diceros bicornis,"[{'taxonname': 'Hook-lipped Rhinoceros', 'primary': False, 'language': 'eng'}, {'taxonname': 'Black Rhino', 'primary': True, 'language': 'eng'}, {'taxonname': 'Black Rhinoceros', 'primary': False, 'language': 'eng'}, {'taxonname': 'Rhinocéros noir', 'primary': False, 'language': 'fre'}, {'taxonname': 'Rinoceronte Negro', 'primary': False, 'language': 'spa'}]"
Aepyceros melampus,"[{'taxonname': 'Impala', 'primary': True, 'language': 'eng'}, {'taxonname': 'Black-faced Impala', 'primary': False, 'language': 'eng'}, {'taxonname': 'Common Impala', 'primary': False, 'language': 'eng'}, {'taxonname': 'Impala', 'primary': False, 'language': 'fre'}]"
Alcelaphus buselaphus,"[{'taxonname': 'Hartebeest', 'primary': True, 'language': 'eng'}, {'taxonname': 'Bubale', 'primary': False, 'language': 'fre'}]"
Alcelaphus lichtensteinii,[]
Bos taurus,[]
Capra hircus,[]
Cephalophus adersi,"[{'taxonname': ""Aders' Duiker"", 'primary': True, 'language': 'eng'}]"
Cephalophus natalensis,"[{'taxonname': 'Natal Red Duiker', 'primary': True, 'language': 'eng'}, {'taxonname': 'Natal Duiker', 'primary': False, 'language': 'eng'}, {'taxonname': 'Red Forest Duiker', 'primary': False, 'language': 'eng'}, {'taxonname': 'Céphalophe du Natal', 'primary': False, 'language': 'fre'}]"
Cephalophus spadix,"[{'taxonname': ""Abbott's Duiker"", 'primary': True, 'language': 'eng'}, {'taxonname': 'Minde', 'primary': False, 'language': 'eng'}, {'taxonname': ""Céphalophe d'Abbott"", 'primary': False, 'language': 'fre'}]"
Connochaetes taurinus,"[{'taxonname': 'Common Wildebeest', 'primary': True, 'language': 'eng'}, {'taxonname': 'Blue Wildebeest', 'primary': False, 'language': 'eng'}, {'taxonname': 'White-bearded Wildebeest', 'primary': False, 'language': 'eng'}, {'taxonname': 'Brindled Gnu', 'primary': False, 'language': 'eng'}, {'taxonname': 'Gnou bleu', 'primary': False, 'language': 'fre'}]"
Damaliscus korrigum,[]
Eudorcus thomsonii,[]
Hippotragus equinus,"[{'taxonname': 'Roan Antelope', 'primary': True, 'language': 'eng'}, {'taxonname': 'Hippotrague', 'primary': False, 'language': 'fre'}, {'taxonname': 'Antilope rouane', 'primary': False, 'language': 'fre'}, {'taxonname': 'Antilope chevaline', 'primary': False, 'language': 'fre'}]"
Hippotragus niger,"[{'taxonname': 'Sable Antelope', 'primary': True, 'language': 'eng'}, {'taxonname': 'Hippotrague noir', 'primary': False, 'language': 'fre'}, {'taxonname': 'Antílope Sable Negro', 'primary': False, 'language': 'spa'}]"
Kobus ellipsiprymnus,"[{'taxonname': 'Waterbuck', 'primary': True, 'language': 'eng'}, {'taxonname': 'Cobe onctueux', 'primary': False, 'language': 'fre'}]"
Kobus vardonii,"[{'taxonname': 'Puku', 'primary': True, 'language': 'eng'}, {'taxonname': 'Puku', 'primary': False, 'language': 'fre'}]"
Litocranius walleri,"[{'taxonname': 'Gerenuk', 'primary': True, 'language': 'eng'}, {'taxonname': 'Gazelle de Waller', 'primary': False, 'language': 'fre'}, {'taxonname': 'Gazelle-Giraffe', 'primary': False, 'language': 'fre'}]"
Madoqua kirkii,"[{'taxonname': ""Kirk's Dik-dik"", 'primary': True, 'language': 'eng'}, {'taxonname': 'Dik-dik de Kirk', 'primary': False, 'language': 'fre'}]"
Nanger granti,"[{'taxonname': ""Grant's Gazelle"", 'primary': True, 'language': 'eng'}, {'taxonname': 'Gazelle de Grant', 'primary': False, 'language': 'fre'}]"
Neotragus moschatus,[]
Oreotragus oreotragus,"[{'taxonname': 'Klipspringer', 'primary': True, 'language': 'eng'}, {'taxonname': 'Oréotrague', 'primary': False, 'language': 'fre'}]"
Oryx beisa,"[{'taxonname': 'Beisa Oryx', 'primary': True, 'language': 'eng'}, {'taxonname': 'Oryx Beisa', 'primary': False, 'language': 'fre'}]"
Ourebia ourebi,"[{'taxonname': 'Oribi', 'primary': True, 'language': 'eng'}, {'taxonname': 'Ourébi', 'primary': False, 'language': 'fre'}]"
Ovis aries,[]
Philantomba monticola,"[{'taxonname': 'Blue Duiker', 'primary': True, 'language': 'eng'}, {'taxonname': 'Céphalophe bleu', 'primary': False, 'language': 'fre'}, {'taxonname': 'Duiquero Azul', 'primary': False, 'language': 'spa'}]"
Raphicerus campestris,"[{'taxonname': 'Steenbok', 'primary': True, 'language': 'eng'}, {'taxonname': 'Steenbok', 'primary': False, 'language': 'fre'}]"
Raphicerus sharpei,"[{'taxonname': ""Sharpe's Grysbok"", 'primary': True, 'language': 'eng'}, {'taxonname': 'Grysbok de Sharpe', 'primary': False, 'language': 'fre'}]"
Redunca arundinum,"[{'taxonname': 'Southern Reedbuck', 'primary': True, 'language': 'eng'}, {'taxonname': 'Redunca grande', 'primary': False, 'language': 'fre'}]"
Redunca fulvorufula,"[{'taxonname': 'Mountain Reedbuck', 'primary': True, 'language': 'eng'}, {'taxonname': 'Redunca de montagne', 'primary': False, 'language': 'fre'}]"
Redunca redunca,"[{'taxonname': 'Bohor Reedbuck', 'primary': True, 'language': 'eng'}, {'taxonname': 'Common Reedbuck', 'primary': False, 'language': 'eng'}, {'taxonname': 'Cobe de Roseaux', 'primary': False, 'language': 'fre'}]"
Sylvicapra grimmia,"[{'taxonname': 'Common Duiker', 'primary': True, 'language': 'eng'}, {'taxonname': 'Grey Duiker', 'primary': False, 'language': 'eng'}, {'taxonname': 'Bush Duiker', 'primary': False, 'language': 'eng'}, {'taxonname': 'Céphalophe de Grimm', 'primary': False, 'language': 'fre'}, {'taxonname': 'Céphalophe du Cap', 'primary': False, 'language': 'fre'}]"
Syncerus caffer,"[{'taxonname': 'African Buffalo', 'primary': True, 'language': 'eng'}, {'taxonname': ""Buffle d'Afrique"", 'primary': False, 'language': 'fre'}]"
Taurotragus oryx,[]
Tragelaphus imberbis,"[{'taxonname': 'Lesser Kudu', 'primary': True, 'language': 'eng'}, {'taxonname': 'Petit koudou', 'primary': False, 'language': 'fre'}]"
Tragelaphus scriptus,"[{'taxonname': 'Bushbuck', 'primary': True, 'language': 'eng'}, {'taxonname': 'Guib Harnaché', 'primary': False, 'language': 'fre'}]"
Tragelaphus spekii,"[{'taxonname': 'Sitatunga', 'primary': True, 'language': 'eng'}, {'taxonname': 'Marshbuck', 'primary': False, 'language': 'eng'}, {'taxonname': ""Guib d'Eau"", 'primary': False, 'language': 'fre'}, {'taxonname': 'Sitatunga', 'primary': False, 'language': 'fre'}]"
Tragelaphus strepsiceros,"[{'taxonname': 'Greater Kudu', 'primary': True, 'language': 'eng'}, {'taxonname': 'Grand Koudou', 'primary': False, 'language': 'fre'}]"
Giraffa camelopardalis,"[{'taxonname': 'Giraffe', 'primary': True, 'language': 'eng'}, {'taxonname': 'Girafe', 'primary': False, 'language': 'fre'}, {'taxonname': 'Jirafa', 'primary': False, 'language': 'spa'}]"
Hippopotamus amphibius,"[{'taxonname': 'Hippopotamus', 'primary': True, 'language': 'eng'}, {'taxonname': 'Large Hippo', 'primary': False, 'language': 'eng'}, {'taxonname': 'Common Hippopotamus', 'primary': False, 'language': 'eng'}, {'taxonname': 'Hippopotame', 'primary': False, 'language': 'fre'}, {'taxonname': 'Hipopótamo Anfibio', 'primary': False, 'language': 'spa'}]"
Hylochoerus meinertzhageni,"[{'taxonname': 'Forest Hog', 'primary': True, 'language': 'eng'}, {'taxonname': 'Giant Forest Hog', 'primary': False, 'language': 'eng'}, {'taxonname': 'Hylochère', 'primary': False, 'language': 'fre'}, {'taxonname': 'Hiloquero', 'primary': False, 'language': 'spa'}]"
Phacochoerus africanus,"[{'taxonname': 'Common Warthog', 'primary': True, 'language': 'eng'}, {'taxonname': 'Eritrean Warthog', 'primary': False, 'language': 'eng'}, {'taxonname': 'Warthog', 'primary': False, 'language': 'eng'}, {'taxonname': 'Phacochère Commun', 'primary': False, 'language': 'fre'}]"
Potamochoerus larvatus,"[{'taxonname': 'Bushpig', 'primary': True, 'language': 'eng'}, {'taxonname': 'Potamochère', 'primary': False, 'language': 'fre'}, {'taxonname': 'Potamochère du Cap', 'primary': False, 'language': 'fre'}]"
Sus scrofa,"[{'taxonname': 'Wild Boar', 'primary': True, 'language': 'eng'}, {'taxonname': 'Eurasian Wild Pig', 'primary': False, 'language': 'eng'}, {'taxonname': 'Ryukyu Islands Wild Pig', 'primary': False, 'language': 'eng'}, {'taxonname': 'Sanglier', 'primary': False, 'language': 'fre'}, {'taxonname': ""Sanglier d'Eurasie"", 'primary': False, 'language': 'fre'}, {'taxonname': 'Jabalí', 'primary': False, 'language': 'spa'}]"
Eubalaena australis,"[{'taxonname': 'Southern Right Whale', 'primary': True, 'language': 'eng'}, {'taxonname': 'Baleine Australe', 'primary': False, 'language': 'fre'}, {'taxonname': 'Ballena Franca Austral', 'primary': False, 'language': 'spa'}]"
Balaenoptera borealis,"[{'taxonname': 'Sei Whale', 'primary': True, 'language': 'eng'}, {'taxonname': 'Rorqual Boréal', 'primary': False, 'language': 'fre'}, {'taxonname': 'Rorqual Sei', 'primary': False, 'language': 'fre'}, {'taxonname': 'Ballena Sei', 'primary': False, 'language': 'spa'}, {'taxonname': 'Rorcual Boreal', 'primary': False, 'language': 'spa'}, {'taxonname': 'Rorcual Norteño', 'primary': False, 'language': 'spa'}]"
Balaenoptera edeni,"[{'taxonname': ""Bryde's Whale"", 'primary': True, 'language': 'eng'}]"
Balaenoptera musculus,"[{'taxonname': 'Blue Whale', 'primary': True, 'language': 'eng'}, {'taxonname': 'Baleine bleue', 'primary': False, 'language': 'fre'}, {'taxonname': 'Ballena Azul', 'primary': False, 'language': 'spa'}]"
Balaenoptera physalus,"[{'taxonname': 'Fin Whale', 'primary': True, 'language': 'eng'}, {'taxonname': 'Finback', 'primary': False, 'language': 'eng'}, {'taxonname': 'Rorqual Commun', 'primary': False, 'language': 'fre'}, {'taxonname': 'Ballena Aleta', 'primary': False, 'language': 'spa'}, {'taxonname': 'Rorcual Común', 'primary': False, 'language': 'spa'}]"
Megaptera novaeangliae,"[{'taxonname': 'Humpback Whale', 'primary': True, 'language': 'eng'}, {'taxonname': 'Jubarte', 'primary': False, 'language': 'fre'}, {'taxonname': 'Mégaptère', 'primary': False, 'language': 'fre'}, {'taxonname': 'Baleine à bosse', 'primary': False, 'language': 'fre'}, {'taxonname': 'Gubarte', 'primary': False, 'language': 'spa'}, {'taxonname': 'Ballena Jorobada', 'primary': False, 'language': 'spa'}, {'taxonname': 'Yubarta', 'primary': False, 'language': 'spa'}]"
Delphinus capensis,[]
Delphinus delphis,"[{'taxonname': 'Common Dolphin', 'primary': True, 'language': 'eng'}, {'taxonname': 'Saddleback Dolphin', 'primary': False, 'language': 'eng'}, {'taxonname': 'Short-beaked Common Dolphin', 'primary': False, 'language': 'eng'}, {'taxonname': 'Pacific Dolphin', 'primary': False, 'language': 'eng'}, {'taxonname': 'Short-beaked Saddleback Dolphin', 'primary': False, 'language': 'eng'}, {'taxonname': 'Dauphin commun', 'primary': False, 'language': 'fre'}, {'taxonname': 'Delfín Común', 'primary': False, 'language': 'spa'}]"
Feresa attenuata,"[{'taxonname': 'Pygmy Killer Whale', 'primary': True, 'language': 'eng'}, {'taxonname': 'Orque pygmée', 'primary': False, 'language': 'fre'}, {'taxonname': 'Orca Pigmeo', 'primary': False, 'language': 'spa'}]"
Globicephala macrorhynchus,"[{'taxonname': 'Short-finned Pilot Whale', 'primary': True, 'language': 'eng'}, {'taxonname': 'Pacific Pilot Whale', 'primary': False, 'language': 'eng'}, {'taxonname': 'Blackfish', 'primary': False, 'language': 'eng'}, {'taxonname': 'Globicéphale tropical', 'primary': False, 'language': 'fre'}, {'taxonname': 'Caldrón Negro', 'primary': False, 'language': 'spa'}]"
Grampus griseus,"[{'taxonname': ""Risso's Dolphin"", 'primary': True, 'language': 'eng'}, {'taxonname': 'Grey Dolphin', 'primary': False, 'language': 'eng'}, {'taxonname': 'Dauphin de Risso', 'primary': False, 'language': 'fre'}, {'taxonname': 'Grampus', 'primary': False, 'language': 'fre'}, {'taxonname': 'Delfín de Risso', 'primary': False, 'language': 'spa'}, {'taxonname': 'calderón gris', 'primary': False, 'language': 'spa'}, {'taxonname': 'Fabo Calderón', 'primary': False, 'language': 'spa'}]"
Lagenodelphis hosei,"[{'taxonname': ""Fraser's Dolphin"", 'primary': True, 'language': 'eng'}, {'taxonname': 'Sarawak Dolphin', 'primary': False, 'language': 'eng'}, {'taxonname': 'Dauphin de Fraser', 'primary': False, 'language': 'fre'}, {'taxonname': 'Delfín de Borneo', 'primary': False, 'language': 'spa'}]"
Orcinus orca,"[{'taxonname': 'Killer Whale', 'primary': True, 'language': 'eng'}, {'taxonname': 'Orca', 'primary': False, 'language': 'eng'}, {'taxonname': 'Epaulard', 'primary': False, 'language': 'fre'}, {'taxonname': 'Orque', 'primary': False, 'language': 'fre'}, {'taxonname': 'Espadarte', 'primary': False, 'language': 'spa'}, {'taxonname': 'Orca', 'primary': False, 'language': 'spa'}]"
Peponocephala electra,"[{'taxonname': 'Melon-headed Whale', 'primary': True, 'language': 'eng'}, {'taxonname': 'Electra Dolphin', 'primary': False, 'language': 'eng'}, {'taxonname': 'Péponocéphale', 'primary': False, 'language': 'fre'}, {'taxonname': ""Dauphin d'Electre"", 'primary': False, 'language': 'fre'}, {'taxonname': 'Electra', 'primary': False, 'language': 'spa'}, {'taxonname': 'Delfín Cabeza de Melón', 'primary': False, 'language': 'spa'}]"
Pseudorca crassidens,"[{'taxonname': 'False Killer Whale', 'primary': True, 'language': 'eng'}, {'taxonname': 'Faux-orque', 'primary': False, 'language': 'fre'}, {'taxonname': 'Orca Falsa', 'primary': False, 'language': 'spa'}]"
Sousa chinensis,"[{'taxonname': 'Chinese White Dolphin', 'primary': False, 'language': 'eng'}, {'taxonname': 'Indo-Pacific Humpback Dolphin', 'primary': True, 'language': 'eng'}, {'taxonname': ""Dauphin a bosse de I'Indo-Pacifique"", 'primary': False, 'language': 'fre'}, {'taxonname': 'Delfin jorobado del Indo-Pacifico', 'primary': False, 'language': 'spa'}]"
Stenella attenuata,"[{'taxonname': 'Pantropical Spotted Dolphin', 'primary': True, 'language': 'eng'}, {'taxonname': 'Dauphin tacheté Pantropical', 'primary': False, 'language': 'fre'}, {'taxonname': 'Delfín Manchado', 'primary': False, 'language': 'spa'}, {'taxonname': 'Delfín Pintado', 'primary': False, 'language': 'spa'}]"
Stenella coeruleoalba,"[{'taxonname': 'Striped Dolphin', 'primary': True, 'language': 'eng'}, {'taxonname': 'Euphrosyne Dolphin', 'primary': False, 'language': 'eng'}, {'taxonname': 'Dauphin bleu et blanc', 'primary': False, 'language': 'fre'}, {'taxonname': 'Dauphin rayé', 'primary': False, 'language': 'fre'}, {'taxonname': 'Delfín Listado', 'primary': False, 'language': 'spa'}, {'taxonname': 'Delfín Blanco y Azul', 'primary': False, 'language': 'spa'}]"
Stenella longirostris,"[{'taxonname': 'Spinner Dolphin', 'primary': True, 'language': 'eng'}, {'taxonname': 'Long-snouted Dolphin', 'primary': False, 'language': 'eng'}, {'taxonname': 'Long-beaked Dolphin', 'primary': False, 'language': 'eng'}, {'taxonname': 'Dauphin longirostre', 'primary': False, 'language': 'fre'}, {'taxonname': 'Delfín Tornillón', 'primary': False, 'language': 'spa'}, {'taxonname': 'Estenela Giradora', 'primary': False, 'language': 'spa'}]"
Steno bredanensis,"[{'taxonname': 'Rough-toothed Dolphin', 'primary': True, 'language': 'eng'}, {'taxonname': 'Sténo', 'primary': False, 'language': 'fre'}, {'taxonname': 'Dauphin à Bec Etroit', 'primary': False, 'language': 'fre'}, {'taxonname': 'Delfín de Pico Largo', 'primary': False, 'language': 'spa'}]"
Tursiops truncatus,"[{'taxonname': 'Common Bottlenose Dolphin', 'primary': True, 'language': 'eng'}, {'taxonname': 'Bottle-nosed Dolphin', 'primary': False, 'language': 'eng'}, {'taxonname': 'Bottlenose Dolphin', 'primary': False, 'language': 'eng'}, {'taxonname': 'Bottlenosed Dolphin', 'primary': False, 'language': 'eng'}, {'taxonname': 'Souffleur', 'primary': False, 'language': 'fre'}, {'taxonname': 'Tursiops', 'primary': False, 'language': 'fre'}, {'taxonname': 'Dauphin Souffleur', 'primary': False, 'language': 'fre'}, {'taxonname': 'Grand Dauphin', 'primary': False, 'language': 'fre'}, {'taxonname': 'Delfín Mular', 'primary': False, 'language': 'spa'}, {'taxonname': 'Pez Mular', 'primary': False, 'language': 'spa'}, {'taxonname': 'Tursión', 'primary': False, 'language': 'spa'}]"
Kogia breviceps,"[{'taxonname': 'Pygmy Sperm Whale', 'primary': True, 'language': 'eng'}, {'taxonname': 'Cachalot pygmée', 'primary': False, 'language': 'fre'}, {'taxonname': 'Cachalote Cabeza Chica', 'primary': False, 'language': 'spa'}, {'taxonname': 'Cachalote Pigmeo', 'primary': False, 'language': 'spa'}]"
Physeter catodon,[]
Mesoplodon densirostris,"[{'taxonname': ""Blainville's Beaked Whale"", 'primary': True, 'language': 'eng'}, {'taxonname': ""Blainville's Beaked Whale"", 'primary': False, 'language': 'eng'}, {'taxonname': 'Mésoplodon de Blainville', 'primary': False, 'language': 'fre'}, {'taxonname': 'Mésoplodon de Blainville', 'primary': False, 'language': 'fre'}, {'taxonname': 'Zifio de Blainville', 'primary': False, 'language': 'spa'}, {'taxonname': 'Ballena de Pico de Blainville', 'primary': False, 'language': 'spa'}, {'taxonname': 'Ballena de Pico de Blainville', 'primary': False, 'language': 'spa'}, {'taxonname': 'Zifio de Blainville', 'primary': False, 'language': 'spa'}]"
Ziphius cavirostris,"[{'taxonname': 'Goosebeak Whale', 'primary': False, 'language': 'eng'}, {'taxonname': ""Cuvier's Beaked Whale"", 'primary': True, 'language': 'eng'}, {'taxonname': ""Cuvier's Beaked Whale"", 'primary': False, 'language': 'eng'}, {'taxonname': 'Goose-beaked Whale', 'primary': False, 'language': 'eng'}, {'taxonname': 'Baleine de Cuvier', 'primary': False, 'language': 'fre'}, {'taxonname': 'Ziphius', 'primary': False, 'language': 'fre'}, {'taxonname': 'Ziphio de Cuvier', 'primary': False, 'language': 'spa'}, {'taxonname': 'Ballena de Cuvier', 'primary': False, 'language': 'spa'}]"
Anomalurus derbianus,"[{'taxonname': ""Derby's Flying Squirrel"", 'primary': False, 'language': 'eng'}, {'taxonname': ""Lord Derby's Flying Squirrel"", 'primary': False, 'language': 'eng'}, {'taxonname': ""Lord Derby's Scaly-tailed Squirrel"", 'primary': True, 'language': 'eng'}, {'taxonname': 'Anamolure de Derby', 'primary': False, 'language': 'fre'}, {'taxonname': 'Ecureuil volant de Derby', 'primary': False, 'language': 'fre'}, {'taxonname': 'Écureuil volant de Derby', 'primary': False, 'language': 'fre'}]"
Idiurus macrotis,"[{'taxonname': 'Long-eared Scaly-tailed Flying Squirrel', 'primary': True, 'language': 'eng'}, {'taxonname': 'Long-eared Flying Squirrel', 'primary': False, 'language': 'eng'}, {'taxonname': 'Anamolure Nain', 'primary': False, 'language': 'fre'}, {'taxonname': 'Ardilla Voladera De Orejas Largas', 'primary': False, 'language': 'spa'}]"
Cryptomys hottentotus,"[{'taxonname': 'African Mole Rat', 'primary': True, 'language': 'eng'}]"
Cryptomys mechowi,[]
Heliophobius argenteocinereus,"[{'taxonname': 'Silvery Mole Rat', 'primary': True, 'language': 'eng'}]"
Lophiomys imhausi,"[{'taxonname': 'Crested Rat', 'primary': True, 'language': 'eng'}]"
Graphiurus kelleni,"[{'taxonname': ""Kellen's Dormouse"", 'primary': True, 'language': 'eng'}, {'taxonname': ""Kellen's African Dormouse"", 'primary': False, 'language': 'eng'}]"
Graphiurus microtis,"[{'taxonname': 'Small-eared Dormouse', 'primary': False, 'language': 'eng'}]"
Graphiurus murinus,"[{'taxonname': 'Woodland Dormouse', 'primary': False, 'language': 'eng'}]"
Hystrix africaeaustralis,"[{'taxonname': 'Cape Porcupine', 'primary': False, 'language': 'eng'}]"
Hystrix cristata,"[{'taxonname': 'Crested Porcupine', 'primary': True, 'language': 'eng'}, {'taxonname': 'North African Crested Porcupine', 'primary': False, 'language': 'eng'}, {'taxonname': ""Porc-épic du Nord de l'Afrique"", 'primary': False, 'language': 'fre'}, {'taxonname': 'Porc-épic à Crete', 'primary': False, 'language': 'fre'}, {'taxonname': 'Puercoespín', 'primary': False, 'language': 'spa'}]"
Acomys ignitus,"[{'taxonname': 'Fiery Spiny Mouse', 'primary': True, 'language': 'eng'}]"
Acomys kempi,"[{'taxonname': ""Kemp's Spiny Mouse"", 'primary': True, 'language': 'eng'}]"
Acomys spinosissimus,"[{'taxonname': 'Spiny Mouse', 'primary': True, 'language': 'eng'}, {'taxonname': 'Southern African Spiny Mouse', 'primary': False, 'language': 'eng'}]"
Acomys wilsoni,"[{'taxonname': ""Wilson's Spiny Mouse"", 'primary': True, 'language': 'eng'}]"
Aethomys chrysophilus,"[{'taxonname': 'Red Rock Rat', 'primary': True, 'language': 'eng'}, {'taxonname': 'Red Veld Aethomys', 'primary': False, 'language': 'eng'}]"
Aethomys hindei,"[{'taxonname': ""Hinde's Rock Rat"", 'primary': True, 'language': 'eng'}, {'taxonname': 'Hinde’s Aethomys', 'primary': False, 'language': 'eng'}]"
Aethomys kaiseri,"[{'taxonname': ""Kaiser's Rock Rat"", 'primary': True, 'language': 'eng'}, {'taxonname': 'Kaiser’s Aethomys', 'primary': False, 'language': 'eng'}]"
Arvicanthis nairobae,"[{'taxonname': 'Nairobi Grass Rat', 'primary': True, 'language': 'eng'}, {'taxonname': 'East African Arvicanthis', 'primary': False, 'language': 'eng'}]"
Arvicanthis neumanni,"[{'taxonname': 'Neumann’s Arvicanthis', 'primary': True, 'language': 'eng'}, {'taxonname': 'Somali Grass Rat', 'primary': False, 'language': 'eng'}, {'taxonname': 'Neumann’s Grass Rat', 'primary': False, 'language': 'eng'}]"
Arvicanthis niloticus,"[{'taxonname': 'African Grass Rat', 'primary': True, 'language': 'eng'}, {'taxonname': 'African Arvicanthis', 'primary': False, 'language': 'eng'}]"
Dasymys alleni,[]
Dasymys incomtus,"[{'taxonname': 'Common Dasymys', 'primary': False, 'language': 'eng'}, {'taxonname': 'African Marsh Rat', 'primary': False, 'language': 'eng'}]"
Dasymys sua,[]
Dipodillus harwoodi,[]
Gerbilliscus boehmi,"[{'taxonname': ""Boehm's Gerbil"", 'primary': False, 'language': 'eng'}]"
Gerbilliscus inclusa,[]
Gerbilliscus leucogaster,"[{'taxonname': 'Bushveld Gerbil', 'primary': False, 'language': 'eng'}]"
Gerbilliscus nigricaudus,"[{'taxonname': 'Black-tailed Gerbil', 'primary': False, 'language': 'eng'}]"
Gerbilliscus robustus,"[{'taxonname': 'Fringe-tailed Gerbil', 'primary': True, 'language': 'eng'}]"
Gerbilliscus validus,"[{'taxonname': 'Savanna Gerbil', 'primary': False, 'language': 'eng'}]"
Gerbillus pusillus,"[{'taxonname': 'Least Gerbil', 'primary': True, 'language': 'eng'}]"
Grammomys dolichurus,"[{'taxonname': 'Woodland Thicket Rat', 'primary': True, 'language': 'eng'}]"
Grammomys ibeanus,"[{'taxonname': 'Ruwenzori Thicket Rat', 'primary': False, 'language': 'eng'}]"
Grammomys macmillani,"[{'taxonname': ""Macmillan's Thicket Rat"", 'primary': False, 'language': 'eng'}]"
Hylomyscus anselli,[]
Hylomyscus arcimontensis,[]
Hylomyscus denniae,[]
Hylomyscus stella,[]
Lemniscomys rosalia,"[{'taxonname': 'Single-striped Grass Mouse', 'primary': False, 'language': 'eng'}, {'taxonname': 'Single-striped Lemniscomys', 'primary': False, 'language': 'eng'}]"
Lemniscomys striatus,"[{'taxonname': 'Typical Lemniscomys', 'primary': False, 'language': 'eng'}, {'taxonname': 'Typical Striped Grass Mouse', 'primary': False, 'language': 'eng'}]"
Lemniscomys zebra,"[{'taxonname': ""Heuglin's Striped Grass Mouse"", 'primary': False, 'language': 'eng'}, {'taxonname': ""Heuglin's Lemniscomys"", 'primary': False, 'language': 'eng'}, {'taxonname': 'Heuglin’s Lemniscomys', 'primary': False, 'language': 'eng'}]"
Lophuromys ansorgei,[]
Lophuromys aquilus,[]
Lophuromys sikapusi,"[{'taxonname': 'Rusty-bellied Brush-furred Rat', 'primary': True, 'language': 'eng'}]"
Lophuromys verhageni,[]
Mastomys natalensis,"[{'taxonname': 'Natal Multimammate Mouse', 'primary': False, 'language': 'eng'}, {'taxonname': 'Natal Mastomys', 'primary': False, 'language': 'eng'}]"
Mastomys pernanus,"[{'taxonname': 'Dwarf Multimammate Mouse', 'primary': False, 'language': 'eng'}, {'taxonname': 'Dwarf Mastomys', 'primary': True, 'language': 'eng'}]"
Mus minutoides,"[{'taxonname': 'Pygmy Mouse', 'primary': False, 'language': 'eng'}]"
Mus musculoides,[]
Mus musculus,"[{'taxonname': 'House Mouse', 'primary': True, 'language': 'eng'}, {'taxonname': 'Souris domestique', 'primary': False, 'language': 'fre'}, {'taxonname': 'Ratón Casero', 'primary': False, 'language': 'spa'}]"
Mus neavi,[]
Mus sorella,"[{'taxonname': ""Thomas's Mouse"", 'primary': False, 'language': 'eng'}, {'taxonname': ""Thomas's Pygmy Mouse"", 'primary': False, 'language': 'eng'}]"
Mus tenellus,"[{'taxonname': 'Delicate Mouse', 'primary': False, 'language': 'eng'}]"
Mus triton,"[{'taxonname': 'Gray-bellied Pygmy Mouse', 'primary': False, 'language': 'eng'}, {'taxonname': 'Gray-bellied Mouse', 'primary': False, 'language': 'eng'}]"
Mylomys dybowskyii,[]
Myomyscus brockmani,"[{'taxonname': ""Brockman's Myomyscus"", 'primary': False, 'language': 'eng'}, {'taxonname': 'Brockman’s Myomyscus', 'primary': False, 'language': 'eng'}]"
Oenomys hypoxanthus,"[{'taxonname': 'Rufous-nosed Rat', 'primary': False, 'language': 'eng'}]"
Otomys angoniensis,"[{'taxonname': 'Angoni Vlei Rat', 'primary': False, 'language': 'eng'}]"
Otomys denti,"[{'taxonname': ""Dent's Vlei Rat"", 'primary': False, 'language': 'eng'}]"
Otomys lacustris,"[{'taxonname': 'Tanzanian Vlei Rat', 'primary': True, 'language': 'eng'}]"
Otomys orestes,[]
Otomys tropicalis,"[{'taxonname': 'Tropical Vlei Rat', 'primary': True, 'language': 'eng'}]"
Otomys uzungwensis,"[{'taxonname': 'Uzungwe Vlei Rat', 'primary': True, 'language': 'eng'}]"
Pelomys fallax,"[{'taxonname': 'Creek Groove-toothed Swamp Rat', 'primary': False, 'language': 'eng'}]"
Pelomys minor,"[{'taxonname': 'Least Groove-toothed Swamp Rat', 'primary': False, 'language': 'eng'}]"
Praomys jacksoni,"[{'taxonname': ""Jackson's Praomys"", 'primary': False, 'language': 'eng'}, {'taxonname': ""Jackson's Soft-furred Mouse"", 'primary': False, 'language': 'eng'}]"
Rattus norvegicus,"[{'taxonname': 'Brown Rat', 'primary': True, 'language': 'eng'}]"
Rattus rattus,"[{'taxonname': 'House Rat', 'primary': True, 'language': 'eng'}, {'taxonname': 'Roof Rat', 'primary': False, 'language': 'eng'}, {'taxonname': 'Black Rat', 'primary': False, 'language': 'eng'}, {'taxonname': 'Ship Rat', 'primary': False, 'language': 'eng'}, {'taxonname': 'Rat noir', 'primary': False, 'language': 'fre'}, {'taxonname': 'Rata Negra', 'primary': False, 'language': 'spa'}]"
Rhabdomys dilectus,"[{'taxonname': 'Mesic Four-striped Grass Rat', 'primary': True, 'language': 'eng'}]"
Taterillus harringtoni,[]
Thallomys loringi,"[{'taxonname': ""Loring's Rat"", 'primary': False, 'language': 'eng'}]"
Thallomys paedulcus,"[{'taxonname': 'Acacia Rat', 'primary': False, 'language': 'eng'}]"
Uranomys ruddi,"[{'taxonname': ""Rudd's Mouse"", 'primary': False, 'language': 'eng'}, {'taxonname': 'Rudd’s Bristle-furred Rat', 'primary': False, 'language': 'eng'}]"
Zelotomys hildegardeae,"[{'taxonname': ""Hildegarde's Zelotomys"", 'primary': False, 'language': 'eng'}, {'taxonname': ""Hildegarde's Broad-headed Mouse"", 'primary': False, 'language': 'eng'}, {'taxonname': 'Hildegarde’s Zelotomys', 'primary': False, 'language': 'eng'}]"
Beamys hindei,"[{'taxonname': 'Long-tailed Pouched Rat', 'primary': True, 'language': 'eng'}, {'taxonname': 'Lesser Hamster-rat', 'primary': False, 'language': 'eng'}, {'taxonname': 'Hinde’s Pouched Rat', 'primary': False, 'language': 'eng'}, {'taxonname': 'Lesser Pouched Rat', 'primary': False, 'language': 'eng'}]"
Cricetomys ansorgei,"[{'taxonname': 'East African Savannah Pouched Rat', 'primary': True, 'language': 'eng'}, {'taxonname': 'Southern Giant Pouched Rat', 'primary': False, 'language': 'eng'}, {'taxonname': 'African Giant Rat', 'primary': False, 'language': 'eng'}, {'taxonname': 'Gambian Rat', 'primary': False, 'language': 'eng'}, {'taxonname': 'Giant Pouched Rat', 'primary': False, 'language': 'eng'}, {'taxonname': 'Giant Rat', 'primary': False, 'language': 'eng'}]"
Dendromus insignis,"[{'taxonname': 'Remarkable Climbing Mouse', 'primary': False, 'language': 'eng'}, {'taxonname': 'Montane African Climbing Mouse', 'primary': False, 'language': 'eng'}]"
Dendromus melanotis,"[{'taxonname': 'Gray African Climbing Mouse', 'primary': False, 'language': 'eng'}, {'taxonname': 'Gray Glimbing Mouse', 'primary': False, 'language': 'eng'}]"
Dendromus mesomelas,"[{'taxonname': ""Brant's Climbing Mouse"", 'primary': False, 'language': 'eng'}]"
Dendromus mystacalis,"[{'taxonname': 'Chestnut Climbing Mouse', 'primary': False, 'language': 'eng'}]"
Dendromus nyasae,[]
Dendromus nyikae,"[{'taxonname': 'Nyika Climbing Mouse', 'primary': False, 'language': 'eng'}]"
Saccostomus campestris,"[{'taxonname': 'Pouched Mouse', 'primary': False, 'language': 'eng'}, {'taxonname': 'Southern African Pouched Mouse', 'primary': False, 'language': 'eng'}]"
Saccostomus mearnsi,"[{'taxonname': ""Mearns's Pouched Mouse"", 'primary': False, 'language': 'eng'}, {'taxonname': 'East African Pouched Mouse', 'primary': False, 'language': 'eng'}]"
Steatomys parvus,"[{'taxonname': 'Tiny Fat Mouse', 'primary': False, 'language': 'eng'}]"
Steatomys pratensis,"[{'taxonname': 'Fat Mouse', 'primary': False, 'language': 'eng'}]"
Petedes surdaster,[]
Heliosciurus gambianus,"[{'taxonname': 'Gambian Sun Squirrel', 'primary': True, 'language': 'eng'}, {'taxonname': 'Héliosciure Typique De Gambie', 'primary': False, 'language': 'fre'}]"
Heliosciurus mutabilis,"[{'taxonname': 'Mutable Sun Squirrel', 'primary': False, 'language': 'eng'}]"
Heliosciurus rufobrachium,"[{'taxonname': 'Crab-eating Mongoose', 'primary': False, 'language': 'eng'}, {'taxonname': 'Isabelline Red-legged Sun Squirrel', 'primary': False, 'language': 'eng'}, {'taxonname': 'Red-legged Sun Squirrel', 'primary': True, 'language': 'eng'}, {'taxonname': 'Héliosciure à pattes rousses', 'primary': False, 'language': 'fre'}]"
Heliosciurus undulatus,"[{'taxonname': 'Zanj Sun Squirrel', 'primary': True, 'language': 'eng'}]"
Paraxerus boehmi,"[{'taxonname': ""Boehm's Bush Squirrel"", 'primary': False, 'language': 'eng'}]"
Paraxerus cepapi,"[{'taxonname': ""Smith's Bush Squirrel"", 'primary': False, 'language': 'eng'}]"
Paraxerus flavovittis,"[{'taxonname': 'Striped Bush Squirrel', 'primary': False, 'language': 'eng'}]"
Paraxerus lucifer,"[{'taxonname': 'Black And Red Bush Squirrel', 'primary': False, 'language': 'eng'}]"
Paraxerus ochraceus,"[{'taxonname': 'Ochre Bush Squirrel', 'primary': False, 'language': 'eng'}]"
Paraxerus palliatus,"[{'taxonname': 'Red Bush Squirrel', 'primary': False, 'language': 'eng'}]"
Paraxerus vexillarius,"[{'taxonname': ""Svynnerton's Bush Squirrel"", 'primary': False, 'language': 'eng'}]"
Protoxerus stangeri,"[{'taxonname': 'African Giant Squirrel', 'primary': False, 'language': 'eng'}, {'taxonname': 'Forest Giant Squirrel', 'primary': False, 'language': 'eng'}, {'taxonname': 'Grand Ecureuil De Stanger', 'primary': False, 'language': 'fre'}]"
Xerus erythropus,"[{'taxonname': 'Striped Ground Squirrel', 'primary': True, 'language': 'eng'}, {'taxonname': ""Geoffroy's Ground Squirrel"", 'primary': False, 'language': 'eng'}, {'taxonname': 'Ecureuil Géant De Stanger', 'primary': False, 'language': 'fre'}]"
Xerus rutilus,"[{'taxonname': 'Unstriped Ground Squirrel', 'primary': False, 'language': 'eng'}]"
Tachyoryctes ankoliae,[]
Tachyoryctes daemon,[]
Tachyoryctes naivashae,[]
Tachyoryctes ruddi,[]
Thryonomys gregorianus,"[{'taxonname': 'Lesser Cane Rat', 'primary': False, 'language': 'eng'}]"
Thryonomys swinderianus,"[{'taxonname': 'Greater Cane Rat', 'primary': False, 'language': 'eng'}]"
